2025/09/01,2,,,
2025/09/02,3,,,
2025/09/03,4,,,僴儞僶乕僌
2025/09/04,5,,,搨梘偘
2025/09/05,6,,,僄價僠儕
2025/09/06,7,,,儚儔僒巋恎
2025/09/07,1,,,儊僇僕僉僇儗乕儉僯僄儖
2025/09/08,2,,,儌僣幭
2025/09/09,3,,,擏枴慩壷巕
2025/09/10,4,,偦偆傔傫,僴儔儈僗僥乕僉
2025/09/11,5,僷儞,椻査,嶘丄僠儕僗乕僾
2025/09/12,6,僆儕乕僽僠乕僘儂僢僩働乕僉,傕傗偟儔乕儊儞,擏枴慩僉儍儀僣
2025/09/13,7,儗乕僘儞僷儞,偍拑捫偗,僠僉儞僠乕僘從偒
2025/09/14,1,儗乕僘儞僷儞,恏儔乕儊儞,崅嵷僠儍乕僴儞
2025/09/15,2,忲偟働乕僉,"僺僓,儗儞僘摛僗乕僾",惗汭從偒
2025/09/16,3,儗乕僘儞僷儞,忲偟働乕僉,僂僯摛晠槬丄僠儕
2025/09/17,4,僼僅僇僢僠儍晽,從偒偆偳傫,儈乕僩儃乕儖
2025/09/18,5,僋僢僉乕懠,僇僢僾査,媿擏偲嶳嵷丄栰嵷鄒傔
2025/09/19,6,傾僢僾儖僷僀,僠儕僗乕僾,媿偡偠僇儗乕
2025/09/20,7,儂僢僩働乕僉,椻査,僆儉儗僣
2025/09/21,1,僪乕僫僣懠,從偒偦偽丄偆偳傫,僔僠儕傾僗僷僎僢僥傿
2025/09/22,2,傕偪丄僪乕僫僣,枴慩儔乕儊儞,儌僣幭
2025/09/23,3,傾僢僾儖僷僀,僇儗乕,杻攌壷巕
2025/09/24,4,偍偵偓傝,僇僣僒儞僪,儀儖僊乕椏棟
2025/09/25,5,僷儞,偨偙從偒,孁梘偘
2025/09/26,6,擏傑傫,偒側暡栞懠,僴儞僶乕僌
2025/09/27,7,僋儖儈僷儞,僂僯僷僗僞,傾僒儕偛斞偲擏偠傖偑
2025/09/28,1,僋儖儈僷儞,僶乕僉儞,僒僶娛
2025/09/29,2,僋儖儈僷儞,從偒偦偽,寋抍巕
2025/09/30,3,僋儖儈僷儞,嶨悊,551僔儏僂儅
2025/10/01,4,僋儖儈僷儞,儈僯撠僇僣,偑偭偰傫庻巌
2025/10/02,5,僋儖儈僷儞,儊儞僠僇僣僒儞僪,恏枴慩壷巕
2025/10/03,6,僋儖儈僷儞,壷巕偺僗僷僎僢僥傿,撠偡偹僇儗乕
2025/10/04,7,僋儖儈僷儞,墫儔乕儊儞,栰嵷鄒傔
2025/10/05,1,僋儖儈僷儞儂僢僩働乕僉,僇儗乕,搨梘偘
2025/10/06,2,儂僢僩働乕僉,BBQ價乕僼僒儞僪,撠廯
2025/10/07,3,僷儞,僟僑廯,偔傝偛斞偲嶘
2025/10/08,4,僷儞,恏儔乕儊儞,恊巕槬
2025/10/09,5,僷儞,從偒偦偽,僴儞僶乕僌
2025/10/10,6,僷儞,偆偳傫,僇儗乕
2025/10/11,7,僷儞,僺僓,寋僉儉僠撶
2025/10/12,1,僽僪僂僷儞,僇儗乕,億乕僋僜僥乕
2025/10/13,2,僽僪僂僷儞,僇僢僾査,長巕
2025/10/14,3,僋儖儈僷儞,從偒偦偽,媿從擏晽
2025/10/15,4,僋儖儈僷儞,儅僢僋,僌儕儖僠僉儞
2025/10/16,5,僷儞,從偒價乕僼儞,巋恎偔傝偛斞
2025/10/17,6,僷儞,偍偵偓傝,嶘
2025/10/18,7,,,
2025/10/19,1,,,傾儞僐僂撶
2025/10/20,2,嶨悊,偍偵偓傝,嶘曎摉
2025/10/21,3,僷儞,偲傫偐偮掕怘,帒偝傫偆偳傫
2025/10/22,4,僷儞,儂僢僩僪僢僌,偐偮槬
2025/10/23,5,,,撠僫僗傒偦鄒傔
2025/10/24,6,,傒偦儔乕儊儞,巋恎
2025/10/25,7,捫偗,,
2025/10/26,1,僷儞,,僗僥乕僉丒儔僞僩僁僀儐
2025/10/27,2,僷儞,僠僉儞撿斬,媿僜僥乕
2025/10/28,3,僷儞,奀慛槬,儔乕儊儞
2025/10/29,4,僋儖儈僷儞,媿擏從偒,撠廯
2025/10/30,5,僋儖儈僷儞,偐偮槬,傓偹擏撶
2025/10/31,6,撠廯,敳偒,嶘
2025/11/01,7,僋儖儈僷儞,嶨悊,栰嵷鄒傔
2025/11/02,1,僋儖儈僷儞,從偒偦偽,僴儞僶乕僌
2025/11/03,2,僋儖儈僷儞,恏儔乕儊儞,億乕僋僜僥乕
2025/11/04,3,僋儖儈僷儞,揷幧偭傌,僗僷僎僢僥傿僫億儕僞儞偨傜偙
2025/11/05,4,僋儖儈僷儞,偍岲傒從偒,浈偱撠偡偹
2025/11/06,5,僋儖儈僷儞,搨梘偘槬,僗僥乕僉槬
2025/11/07,6,偍偵偓傝,偪傖傫傐傫,嶘
2025/11/08,7,儂僢僩働乕僉,BBQ億乕僋僒儞僪,撠壷巕枴慩
2025/11/09,1,仺,BBQ億乕僋僒儞僪,儈儖僋撶
2025/11/10,2,僋儕乕儉僗乕僾,儕僝僢僩晽,撠廯丄儈僯僩儞僇僣
2025/11/11,3,僷儞,僺僓,僀儚僔娛
2025/11/12,4,僷儞,從偒偦偽,傾僕偺側傔傠偆
2025/11/13,5,僷儞,恏儔乕儊儞,媿僞儞
2025/11/14,6,傇偳偆僷儞,從偒偦偽,僇儗乕
2025/11/15,7,傇偳偆僷儞,枮廈儔乕儊儞,僇儗乕
2025/11/16,1,柍偟,僇儗乕,僴儞僶乕僌僇儗乕
2025/11/17,2,僷儞,柍偟,媿擏幭
2025/11/18,3,僷儞,栚嬍從偒,柍偟
2025/11/19,4,僷儞,偦偽,擏壷巕枴慩
2025/11/20,5,僷儞,偆偳傫,儂儖儌儞從
2025/11/21,6,僷儞,僄僋儗傾,嶘
2025/11/22,7,僷儞,僺僓,撠惗汭從
2025/11/23,1,僷儞,偤傫偞偄,寋偲弔媏偺榦
2025/11/24,2,僷儞,從偒偦偽,巋恎
2025/11/25,3,僷儞,儔乕儊儞,夞撶擏
2025/11/26,4,傇偳偆僷儞,働儞僞,僗僷僎僢僥傿
2025/11/27,5,傇偳偆僷儞,偐偮槬曎摉,惵灒擏鉔
2025/11/28,6,傇偳偆僷儞,儂僢僩僪僢僌,媿擏僱僊從偒
2025/11/29,7,儈僯僋儘儚僢僒儞,媿擏斞,夞撶擏
2025/11/30,1,儈僯僋儘儚僢僒儞,億乕僠僪僄僢僌,偝傫偑從
2025/12/01,2,儈僯僋儘儚僢僒儞,恏儔乕儊儞,從偒僠乕僘僇儗乕
2025/12/02,3,儈僯僋儘儚僢僒儞,儂僢僩僪僢僌,媿偡偒屼慥晽
2025/12/03,4,僷儞僼儗儞僠僩乕僗僩,枒尦,僌儕儖僠僉儞
2025/12/04,5,僷儞傇偳偆僷儞,戜榩怘摪,偲傫偐偮(徏偺傗)
2025/12/05,6,僐僢儁僷儞,儔乕儊儞,嶘丄捫暔偦偺懠
2025/12/06,7,僷儞,從偒價乕僼儞,撠偲栰嵷偺枴慩鄒傔
2025/12/07,1,僷儞,擏傑傫,庤塇尦撶
2025/12/08,2,僷儞,栞,偒傫傔姳暔
2025/12/09,3,僷儞,僺僓,僴儞僶乕僌
2025/12/10,4,偤傫偞偄,撠廯,擏摛晠
2025/12/11,5,僷儞,儂僢僩僪僢僌,儂僀僐乕儘乕
2025/12/12,6,僷儞,偄側偐偭傌,僩儞僇僣
2025/12/13,7,僽僪僂僷儞,偐偮槬,墫僒僶悈幭
2025/12/14,1,僽僪僂僷儞,儅僢僋,幭崬傒儔乕儊儞
2025/12/15,2,僽僪僂僷儞,偦偽,僠儕丄側傔傠偆
2025/12/16,3,僷儞,擏儊僔,僗僷僎僢僥傿
2025/12/17,4,僷儞,恏儔乕儊儞,僉儞儊偛斞
2025/12/18,5,僷儞,僩儅僩僗僷,僽僥僠僎晽撶
2025/12/19,6,僷儞,僠儍僾僠僃晽弔塉,擏傒偦僉儍儀僣
2025/12/20,7,儂僢僩働乕僉,從偒偦偽,搨梘偘
2025/12/21,1,僷儞,BBQ億乕僋僒儞僪,寋娒恷丂僩儅僩僗乕僾
2025/12/22,2,僷儞,僉僞僆僇僷儞乮媑尒摴偺墂乯,枴偺慺長巕
2025/12/23,3,僷儞,偛偼傫乮巆傝暔偲僀儚僔娛乯,僕儍僐槬
2025/12/24,4,僼儗儞僠僩乕僗僩,仼,從偒僒僶
2025/12/25,5,僷儞,僗僷僎僢僥傿,儚僢僷乕
2025/12/26,6,働乕僉,儔乕儊儞,媿擏撶
2025/12/27,7,僷儞,枴慩幭崬傒偆偳傫,從偒撠僠儍乕僴儞
2025/12/28,1,僷儞,BBQ億乕僋僒儞僪,幭崬傒僴儞僶乕僌丂僆僯僆儞僌儔僞儞僗乕僾
2025/12/29,2,僷儞,棏偐偗偛斞,傂偒擏僇儗乕
2025/12/30,3,僇儗乕僷儞,偦偽,僠儕僗乕僾丄僔儍僂僄僢僙儞
2025/12/31,4,僷儞,埨妝掄,僽儕巋恎丂偍偣偪
2026/01/01,5,嶨幭,偍偣偪,偍偣偪
2026/01/02,6,傕偪,儅僌儘姫,嶘
2026/01/03,7,儔僗僋,儅僌儘姫,嶘僋儕乕儉撶
2026/01/04,1,傕偪,曎摉丂偟傘偆傑偄偲撠槬,儔乕儊儞
2026/01/05,2,僼儗儞僠僩乕僗僩,從偒偦偽,働僀僕儍儞僠僉儞
2026/01/06,3,僷儞,僶乕僈乕僉儞僌,栰嵷鄒傔
2026/01/07,4,僷儞,崅嵷僠儍乕僴儞,杻攌摛晠
2026/01/08,5,僷儞,偦偽,惵灒擏鉔
2026/01/09,6,僠儑僐僷僀,傾儞僐僂撶,儅僌儘僽僣嶳偐偗
2026/01/10,7,偔傝働乕僉,僼僅僇僢僠儍,億乕僋僇僣儗僣
2026/01/11,1,僷儞,捫偗槬,僕儍儞僶儔儎
2026/01/12,2,儕僝僢僩from僕儍儞僶儔儎,堭從偒堭,僇儗乕
2026/01/13,3,僷儞偲僇儗乕,儔乕儊儞,埍偺姳暔
2026/01/14,4,僷儞,價乕僼儞,僗僷僎僢僥傿丂偟傜偡儁儁儘儞僠乕僲柧懢巕
2026/01/15,5,僷儞偲堭僶僞乕,僀僆儞塇惗丂僒儞僪丄儁僢僷乕儔儞僠丄幧楅,撠擏偺儗儌儞+僽儔僢僋儁僢僷乕從偒
2026/01/16,6,僷儞,偍偵偓傝,嶘
2026/01/17,7,僷儞,捫偗槬,媿擏偺僜僥乕
2026/01/18,1,僼儗儞僠僩乕僗僩,偍岲傒從偒,僉儉僠撶
2026/01/19,2,僷儞,偍壻巕,偍偱傫
2026/01/20,3,僷儞,僠儕僐儞僇儞,廮傜偐僴儞僶乕僌
2026/01/21,4,僠乕僘働乕僉,偍偱傫偱偆偳傫,働僀僕儍儞僠僉儞
2026/01/22,5,偍偱傫,僀働傾,僇儗乕
2026/01/23,6,僷儞,僠儍儞億儞,摛僗乕僾偲埍
2026/01/24,7,僷儞,僗僷僎僢僥傿乕,崪晅偒僜乕僙乕僕偲僴儉
2026/01/25,1,僷儞,偛斞偲僴儉,偟傖傇偟傖傇
2026/01/26,2,偛斞丂僴儉懠,儔乕儊儞,僇儗乕
2026/01/27,3,僷儞,僇儗乕,嶘
2026/01/28,4,僷儞,從偒斞,枴慩鄒傔
2026/01/29,5,僷儞,儎僆僐乕偱僷儞,惵灒擏鉔
2026/01/30,6,僷儞,崟傂傛偙摛,撠廯
2026/01/31,7,僷儞,儁儁儘儞僠乕僲,僴儞僶乕僌
2026/02/01,1,僷儞,偩傫偛廯,長巕
2026/02/02,2,僷儞,僠儍乕僴儞,僠僉儞僇儗乕
2026/02/03,3,僷儞,宐曽姫偒,嶪
2026/02/04,4,儂僢僩働乕僉,從偒價乕僼儞,惗汭從偒
2026/02/05,5,僷儞,儔乕儊儞,偡偒從偒晽
2026/02/06,6,僷儞,僠儍乕僴儞,僌儔僞儞
2026/02/07,7,僷儞,偦偆傔傫偪傖傫傉傞,僴儞僶乕僌
2026/02/08,1,僷儞,偛斞丂儘乕僗僩價乕僼,撶
2026/02/09,2,棏偐偗偛斞,偛斞+偟傜偡懠,僠僉儞僇儗乕
2026/02/10,3,僷儞,儂僢僩僪僢僌,嶘丂僋儔儉僠儍僂僟乕
2026/02/11,4,僷儞,壨崌壠偺偛抷憱,壨崌壠偺偛抷憱
2026/02/12,5,僷儞,僴儉僒儞僪,栰嵷鄒傔(枴慩)
2026/02/13,6,僷儞,揷幧偭傌,働僀僕儍儞僠僉儞
2026/02/14,7,僷儞,傾僒儕僗僷,僴儉丂儅僌儘幭晅偗
2026/02/15,1,僷儞,僒儞僪僀僢僠,夞撶擏
2026/02/16,2,僷儞,儂僢僩働乕僉,僇儗乕
2026/02/17,3,僷儞,僇儗乕,栰嵷鄒傔
2026/02/18,4,僷儞,儔乕儊儞,搨梘偘
2026/02/19,5,僷儞,僺僓,媿僞儞丂媿擏丂從偒
2026/02/20,6,僷儞,從偒偦偽,
2026/02/21,7,,,
2026/02/22,1,,,
2026/02/23,2,,,
2026/02/24,3,,,
2026/02/25,4,,,
2026/02/26,5,,,
2026/02/27,6,,,
2026/02/28,7,,,
2026/03/01,1,,,
2026/03/02,2,,,
2026/03/03,3,,,
2026/03/04,4,,,
2026/03/05,5,,,
2026/03/06,6,,,
2026/03/07,7,,,
2026/03/08,1,,,
2026/03/09,2,,,
2026/03/10,3,,,
2026/03/11,4,,,
2026/03/12,5,,,
2026/03/13,6,,,
2026/03/14,7,,,
2026/03/15,1,,,
2026/03/16,2,,,
2026/03/17,3,,,
2026/03/18,4,,,
2026/03/19,5,,,
2026/03/20,6,,,
2026/03/21,7,,,
2026/03/22,1,,,
2026/03/23,2,,,
2026/03/24,3,,,
2026/03/25,4,,,
2026/03/26,5,,,
2026/03/27,6,,,
2026/03/28,7,,,
2026/03/29,1,,,
2026/03/30,2,,,
2026/03/31,3,,,
2026/04/01,4,,,
2026/04/02,5,,,
2026/04/03,6,,,
2026/04/04,7,,,
2026/04/05,1,,,
2026/04/06,2,,,
2026/04/07,3,,,
2026/04/08,4,,,
2026/04/09,5,,,
2026/04/10,6,,,
2026/04/11,7,,,
2026/04/12,1,,,
2026/04/13,2,,,
2026/04/14,3,,,
2026/04/15,4,,,
2026/04/16,5,,,
2026/04/17,6,,,
2026/04/18,7,,,
2026/04/19,1,,,
2026/04/20,2,,,
2026/04/21,3,,,
2026/04/22,4,,,
